model,stage,cv_accuracy,cv_accuracy_std,cv_precision,cv_precision_std,cv_recall,cv_recall_std,cv_f1,cv_f1_std,cv_roc_auc,cv_roc_auc_std,test_accuracy
logistic_regression,baseline,0.8300170068027211,0.032407220095141916,0.8237105425781733,0.039715330598440804,0.8782051282051283,0.04341458766202278,0.8489506766164281,0.027878327808142984,0.8984913234913237,0.027247994354057985,0.8360655737704918
logistic_regression,tuned,0.8154761904761905,0.03929822812151554,0.8062237979906224,0.04503602443156179,0.8743589743589745,0.040899814958970854,0.8377916368543541,0.031665853890553174,0.9004273504273504,0.027593539227345476,0.8524590163934426
random_forest,baseline,0.7988095238095239,0.03452778871877165,0.7926370197748118,0.0370913548005747,0.8586894586894587,0.07873202749293398,0.8214184910673114,0.03555692894060292,0.8862988862988862,0.034842749267629404,0.8524590163934426
random_forest,tuned,0.8175170068027212,0.0419812330947758,0.8062807712001261,0.0539022249509378,0.8817663817663817,0.046141534005494374,0.8405770472664994,0.03373970851904877,0.8972222222222221,0.03461531497205374,0.8524590163934426
gradient_boosting,baseline,0.8007227891156463,0.023927708683420403,0.803767719424101,0.051442529644099316,0.8508547008547008,0.08663510367037931,0.8213965262242213,0.02711219904984387,0.8850297850297849,0.03957327965072972,0.7868852459016393
gradient_boosting,tuned,0.8278486394557822,0.041478581631508214,0.8171383871556286,0.06308074036678146,0.8891737891737892,0.02115564469029856,0.8500122881680421,0.031219320242335417,0.9164724164724165,0.02976609140829558,0.8524590163934426
svm,baseline,0.8113095238095237,0.03702926192356911,0.7951711207132084,0.03403024795883903,0.8856125356125355,0.09687458065747627,0.833894534571165,0.04175985165671914,0.8832556332556333,0.03163103954435935,0.8524590163934426
svm,tuned,0.8279336734693878,0.03529272684580094,0.8006672709011419,0.04525294789091535,0.9160968660968661,0.047832076744433176,0.8528980735829336,0.02853102285632808,0.9014374514374515,0.027784188652793283,0.8524590163934426
knn,baseline,0.8010204081632653,0.03956366832885813,0.785926352619901,0.05019158835167757,0.8782051282051283,0.046234892437324,0.8279056203370934,0.03213023467576983,0.857912457912458,0.03451036253219356,0.8852459016393442
knn,tuned,0.8011054421768709,0.05221801619840764,0.7721762665021515,0.060816636500365256,0.9125356125356126,0.06340615698800448,0.8336527277404505,0.038923151091699956,0.9021497021497021,0.02303398894517105,0.8688524590163934
xgboost,baseline,0.8070578231292517,0.03952014674446747,0.8109831294935251,0.06091012057637227,0.8508547008547008,0.060493696711504764,0.8275132209472122,0.03384550261970811,0.8948005698005698,0.030259085304651833,0.8032786885245902
xgboost,tuned,0.8194302721088436,0.03131922315924265,0.8117854798804949,0.053026495197556735,0.8776353276353277,0.041327484490865644,0.8413020568192981,0.02275438679124668,0.9051929551929552,0.03267703996308896,0.8524590163934426
lightgbm,baseline,0.7967261904761905,0.02190302715539658,0.8030546465029224,0.04352865083207883,0.8394586894586894,0.07983069173585315,0.8166775701695805,0.024793663015566833,0.8929163429163429,0.02382979735075215,0.819672131147541
lightgbm,tuned,0.8154336734693878,0.057337285265916166,0.812147411265042,0.07347208395669415,0.8702279202279202,0.058918074632052134,0.8375444559523905,0.047073315654895864,0.9011266511266511,0.036993599589847326,0.8032786885245902
voting_ensemble,ensemble,0.8133503401360545,0.03682866225203629,0.7943225591612688,0.04974343325421406,0.893019943019943,0.02335878306948905,0.8395730183381295,0.026057742113511757,0.9152939652939652,0.028420009435089315,0.9016393442622951
stacking_ensemble,ensemble,0.811267006802721,0.04281335918790495,0.8029010486639798,0.06230851714672596,0.873931623931624,0.03005833026497035,0.8352890676298385,0.0335812958213544,0.9144068894068894,0.02960655130879836,0.8852459016393442
